{"categories":[{"name":"L_MicrosoftOfficePublisher","displayName":"Microsoft Publisher 2016"},{"parentCategory":{"ref":"L_MicrosoftOfficePublisher"},"name":"L_PubOptions","displayName":"Publisher のオプション"},{"parentCategory":{"ref":"L_PubOptions"},"name":"L_Advanced","displayName":"詳細設定"},{"parentCategory":{"ref":"L_Advanced"},"name":"L_ComplexScripts","displayName":"コンプレックス スクリプト"},{"parentCategory":{"ref":"L_PubOptions"},"name":"L_General","displayName":"全般"},{"parentCategory":{"ref":"L_PubOptions"},"name":"L_Proofing","displayName":"文章校正"},{"parentCategory":{"ref":"L_PubOptions"},"name":"L_OptionsCustomizeRibbon","displayName":"リボンのユーザー設定"},{"parentCategory":{"ref":"L_PubOptions"},"name":"L_Save","displayName":"保存"},{"parentCategory":{"ref":"L_MicrosoftOfficePublisher"},"name":"L_Security","displayName":"セキュリティ"},{"parentCategory":{"ref":"L_Security"},"name":"L_TrustCenter","displayName":"セキュリティ センター"},{"parentCategory":{"ref":"L_MicrosoftOfficePublisher"},"name":"L_Miscellaneous","displayName":"その他"}],"policies":[{"parentCategory":{"ref":"L_OptionsCustomizeRibbon"},"supportedOn":{"ref":"windows:SUPPORTED_Windows7"},"enabledValue":{"decimal":{"value":1}},"disabledValue":{"decimal":{"value":0}},"name":"L_DisplayDeveloperTab","displayName":"[開発] タブをリボンに表示する","explainText":"このポリシー設定では、[開発] タブをリボンに表示するかどうかを指定します。\n\nこのポリシー設定を有効にした場合、[開発] タブがリボンに表示されます。\n\nこのポリシー設定を無効にした場合、[開発] タブはリボンに表示されません。\n\nこのポリシー設定を未構成にした場合、[開発] タブはリボンに表示されませんが、表示/非表示はアプリケーションのオプション ダイアログ ボックスで変更できます。","tags":["L_OptionsCustomizeRibbon","L_PubOptions","L_MicrosoftOfficePublisher"],"application":"pub16","key":"software\\microsoft\\office\\16.0\\publisher\\preferences","valueName":"developertools"},{"parentCategory":{"ref":"L_General"},"supportedOn":{"ref":"windows:SUPPORTED_Windows7"},"enabledValue":{"string":"1"},"disabledValue":{"string":"0"},"name":"L_ShowTheNewTemplateGalleryWhenStartingPublisher","displayName":"Publisher の起動時に新規作成用のテンプレート ギャラリーを表示する","explainText":"対応する UI オプションをオンまたはオフにします。","tags":["L_General","L_PubOptions","L_MicrosoftOfficePublisher"],"application":"pub16","key":"software\\microsoft\\office\\16.0\\publisher\\preferences","valueName":"usestartupdlg"},{"parentCategory":{"ref":"L_Advanced"},"supportedOn":{"ref":"windows:SUPPORTED_Windows7"},"enabledValue":{"decimal":{"value":1}},"disabledValue":{"decimal":{"value":0}},"name":"L_TurnOffDragPreview","displayName":"ドラッグ プレビューをオフにする","explainText":"このポリシー設定では、Publisher でオブジェクトをドラッグするときに、オブジェクトの半透明のドラッグ プレビューまたはシンプルな外枠のどちらを表示するかを指定できます。\n\nこのポリシー設定を有効にした場合、ドラッグ時にはオブジェクトの外枠のみが表示されます。この機能の方が必要なリソースが少ないため、古いコンピューターにはこの設定を推奨します。\n\nこのポリシー設定を無効にするか、未構成にした場合、ドラッグ時にはオブジェクトの半透明のドラッグ プレビューが表示されます。","tags":["L_Advanced","L_PubOptions","L_MicrosoftOfficePublisher"],"application":"pub16","key":"software\\microsoft\\office\\16.0\\publisher\\preferences","valueName":"uselegacydrag"},{"parentCategory":{"ref":"L_Advanced"},"supportedOn":{"ref":"windows:SUPPORTED_Windows7"},"elements":{"items":[{"valueName":"max display","minValue":0,"minValueSpecified":true,"maxValue":50,"maxValueSpecified":true,"inputType":"decimalTextBox","id":"L_SetMaximumNumberOfMRUItemsToDisplaySpinID"}]},"name":"L_SetMaximumNumberOfMRUItemsToDisplay","displayName":"最近使った文書の一覧に表示する文書の数","explainText":"このポリシー設定では、Backstage ビューの [ファイル] タブで [開く] をクリックしたときに、最近使った文書の一覧に表示される文書の数を指定します。\n\nこのポリシー設定を有効にした場合、文書の数を 0 ～ 50 の範囲で指定できます。この数値を 0 に設定した場合、固定した文書も固定していない文書も表示されません。\n\nこのポリシー設定を無効にするか、構成しない場合、最近使った文書の一覧には最大 25 項目が表示されます。\n\n注意: 最近使った文書の一覧に項目が追加されないようにするには、Windows の [最近使ったファイルの履歴を保存しない] ポリシー設定を有効にしてください。","tags":["L_Advanced","L_PubOptions","L_MicrosoftOfficePublisher"],"application":"pub16","key":"software\\microsoft\\office\\16.0\\publisher\\file mru"},{"parentCategory":{"ref":"L_Advanced"},"supportedOn":{"ref":"windows:SUPPORTED_Windows7"},"elements":{"items":[{"valueName":"max display","minValue":0,"minValueSpecified":true,"maxValue":20,"maxValueSpecified":true,"inputType":"decimalTextBox","id":"L_SetNumberOfPlacesInTheRecentPlacesListSpinID"}]},"name":"L_SetNumberOfPlacesInTheRecentPlacesList","displayName":"最近使用したフォルダーの一覧に表示するフォルダーの数","explainText":"このポリシー設定では、Backstage ビューの [ファイル] タブで [開く] または [名前を付けて保存] をクリックしたときに、最近使用したフォルダーの一覧に、固定していないフォルダーがいくつ表示されるかを指定します。\n\nこのポリシー設定を有効にした場合、固定していないフォルダーの数を 0 ～ 20 の範囲で指定できます。この数値を 0 に設定した場合、固定したフォルダーも固定していないフォルダーも表示されません。\n\nこのポリシー設定を無効にするか、構成しない場合、最近使用したフォルダーの一覧には固定していない項目が最大 5 個表示されます。\n\n注意: 最近使用したフォルダーの一覧に項目が追加されないようにするには、Windows の [最近使ったファイルの履歴を保存しない] ポリシー設定を有効にしてください。","tags":["L_Advanced","L_PubOptions","L_MicrosoftOfficePublisher"],"application":"pub16","key":"software\\microsoft\\office\\16.0\\publisher\\place mru"},{"parentCategory":{"ref":"L_Advanced"},"supportedOn":{"ref":"windows:SUPPORTED_Windows7"},"enabledValue":{"string":"1"},"disabledValue":{"string":"0"},"name":"L_UseXPSEnhancedPrintPath","displayName":"XPS 拡張印刷パスを使用する","explainText":"このポリシー設定では、使用可能な場合に XPS 拡張印刷パスを使用するように指定できます。\n\nこのポリシー設定を有効にするか、未構成にした場合、XPS 印刷パスが使用されます。\n\nこのポリシー設定を無効にした場合、XPS 印刷パスは使用されません。","tags":["L_Advanced","L_PubOptions","L_MicrosoftOfficePublisher"],"application":"pub16","key":"software\\microsoft\\office\\16.0\\publisher\\preferences","valueName":"enablexpsprintpathprinting"},{"parentCategory":{"ref":"L_Advanced"},"supportedOn":{"ref":"windows:SUPPORTED_Windows7"},"enabledValue":{"string":"1"},"disabledValue":{"string":"0"},"name":"L_AutomaticallysubstitutefontformissingEAchars","displayName":"対応する日本語文字がない場合、自動でフォントの代替を行う","explainText":"対応する UI オプションをオンまたはオフにします。","tags":["L_Advanced","L_PubOptions","L_MicrosoftOfficePublisher"],"application":"pub16","key":"software\\microsoft\\office\\16.0\\publisher\\preferences","valueName":"usefontlinking"},{"parentCategory":{"ref":"L_ComplexScripts"},"supportedOn":{"ref":"windows:SUPPORTED_Windows7"},"elements":{"items":[{"item":[{"value":{"string":"1"},"displayName":"左から右"},{"value":{"string":"256"},"displayName":"右から左"}],"valueName":"defaulttextflow","inputType":"dropdownList","id":"L_SetDefaultTextFlowDirectionDropID"}]},"name":"L_SetDefaultTextFlowDirection","displayName":"既定のテキストの方向を設定する","explainText":"このポリシー設定では、既定のテキストの方向を右から左 (RTL) または左から右 (LTR) に設定できます。\n\nこのポリシー設定を有効にした場合、テキストの方向として [右から左] または [左から右] を選択できます。\n\nこのポリシー設定を無効にするか、未構成にした場合、既定のテキストの方向が使用されます。","tags":["L_ComplexScripts","L_Advanced","L_PubOptions","L_MicrosoftOfficePublisher"],"application":"pub16","key":"software\\microsoft\\office\\16.0\\publisher\\preferences"},{"parentCategory":{"ref":"L_Advanced"},"supportedOn":{"ref":"windows:SUPPORTED_Windows7"},"enabledValue":{"string":"1"},"disabledValue":{"string":"0"},"name":"L_AutomaticallySwitchKeyboard","displayName":"キーボード配列を周囲の文字の言語に合わせて自動的に切り替える","explainText":"対応する UI オプションをオンまたはオフにします。","tags":["L_Advanced","L_PubOptions","L_MicrosoftOfficePublisher"],"application":"pub16","key":"software\\microsoft\\office\\16.0\\publisher\\preferences","valueName":"autokeybd"},{"parentCategory":{"ref":"L_Advanced"},"supportedOn":{"ref":"windows:SUPPORTED_Windows7"},"enabledValue":{"string":"1"},"disabledValue":{"string":"0"},"name":"L_AllowTextToBeDraggedAndDropped","displayName":"ドラッグ アンド ドロップ編集を行う","explainText":"対応する UI オプションをオンまたはオフにします。","tags":["L_Advanced","L_PubOptions","L_MicrosoftOfficePublisher"],"application":"pub16","key":"software\\microsoft\\office\\16.0\\publisher\\preferences","valueName":"textdragndrop"},{"parentCategory":{"ref":"L_Advanced"},"supportedOn":{"ref":"windows:SUPPORTED_Windows7"},"enabledValue":{"string":"1"},"disabledValue":{"string":"0"},"name":"L_Whenselectingautomaticallyselectentireword","displayName":"文字列の選択時に単語単位で選択する","explainText":"対応する UI オプションをオンまたはオフにします。","tags":["L_Advanced","L_PubOptions","L_MicrosoftOfficePublisher"],"application":"pub16","key":"software\\microsoft\\office\\16.0\\publisher\\preferences","valueName":"autowordsel"},{"parentCategory":{"ref":"L_Advanced"},"supportedOn":{"ref":"windows:SUPPORTED_Windows7"},"enabledValue":{"string":"1"},"disabledValue":{"string":"0"},"name":"L_Whenformattingautomaticallyformatentireword","displayName":"書式を単語単位で自動設定する","explainText":"対応する UI オプションをオンまたはオフにします。","tags":["L_Advanced","L_PubOptions","L_MicrosoftOfficePublisher"],"application":"pub16","key":"software\\microsoft\\office\\16.0\\publisher\\preferences","valueName":"autowordformat"},{"parentCategory":{"ref":"L_Advanced"},"supportedOn":{"ref":"windows:SUPPORTED_Windows7"},"enabledValue":{"string":"1"},"disabledValue":{"string":"0"},"name":"L_UseChinesefontsizes","displayName":"中国語のフォント サイズを使用する","explainText":"対応する UI オプションをオンまたはオフにします。","tags":["L_Advanced","L_PubOptions","L_MicrosoftOfficePublisher"],"application":"pub16","key":"software\\microsoft\\office\\16.0\\publisher\\preferences","valueName":"prcfontsizes"},{"parentCategory":{"ref":"L_Advanced"},"supportedOn":{"ref":"windows:SUPPORTED_Windows7"},"enabledValue":{"string":"1"},"disabledValue":{"string":"0"},"name":"L_AutomaticallyHyphenateInNewTextBoxes","displayName":"新しいテキスト ボックスでハイフネーションを自動的に設定する","explainText":"[新しいテキスト ボックスでハイフネーションを自動的に設定する] オプションをオンまたはオフにします。","tags":["L_Advanced","L_PubOptions","L_MicrosoftOfficePublisher"],"application":"pub16","key":"software\\microsoft\\office\\16.0\\publisher\\preferences","valueName":"defautohyph"},{"parentCategory":{"ref":"L_Advanced"},"supportedOn":{"ref":"windows:SUPPORTED_Windows7"},"enabledValue":{"string":"1"},"disabledValue":{"string":"0"},"name":"L_ShowScreenTipsonobjects","displayName":"オブジェクトのヒントを表示する","explainText":"対応する UI オプションをオンまたはオフにします。","tags":["L_Advanced","L_PubOptions","L_MicrosoftOfficePublisher"],"application":"pub16","key":"software\\microsoft\\office\\16.0\\publisher\\preferences","valueName":"showobjecttooltips"},{"parentCategory":{"ref":"L_Advanced"},"supportedOn":{"ref":"windows:SUPPORTED_Windows7"},"enabledValue":{"string":"1"},"disabledValue":{"string":"0"},"name":"L_Enableincrementalpublishtoweb","displayName":"Web に差分のみを発行する","explainText":"対応する UI オプションをオンまたはオフにします。","tags":["L_Advanced","L_PubOptions","L_MicrosoftOfficePublisher"],"application":"pub16","key":"software\\microsoft\\office\\16.0\\publisher\\internet","valueName":"incrementalupload"},{"parentCategory":{"ref":"L_Advanced"},"supportedOn":{"ref":"windows:SUPPORTED_Windows7"},"enabledValue":{"string":"1"},"disabledValue":{"string":"0"},"name":"L_Sendentirepublicationasasingle","displayName":"文書全体を 1 つの JPEG 画像として送信する","explainText":"対応する UI オプションをオンまたはオフにします。","tags":["L_Advanced","L_PubOptions","L_MicrosoftOfficePublisher"],"application":"pub16","key":"software\\microsoft\\office\\16.0\\publisher\\internet","valueName":"emailasimg"},{"parentCategory":{"ref":"L_Advanced"},"supportedOn":{"ref":"windows:SUPPORTED_Windows7"},"enabledValue":{"string":"1"},"disabledValue":{"string":"0"},"name":"L_Promptuserwhenreapplyingastyle","displayName":"スタイルを再適用するときにユーザーに確認する","explainText":"対応する UI オプションをオンまたはオフにします。","tags":["L_Advanced","L_PubOptions","L_MicrosoftOfficePublisher"],"application":"pub16","key":"software\\microsoft\\office\\16.0\\publisher\\preferences","valueName":"prompttoupdatestyle"},{"parentCategory":{"ref":"L_Save"},"supportedOn":{"ref":"windows:SUPPORTED_Windows7"},"elements":{"items":[{"valueName":"autorecoversaveinterval","required":true,"requiredSpecified":true,"expandable":false,"expandableSpecified":true,"maxLength":2147483647,"maxLengthSpecified":false,"inputType":"textBox","caption":"分 (範囲 1 ～ 120):","id":"L_SaveAutoRecoverinfoeveryID"}]},"name":"L_SaveAutoRecoverinfoevery","displayName":"自動回復用データを保存する (分間隔)","explainText":"このポリシー設定では、自動回復用データの保存間隔を分単位で指定できます。\n\nこのポリシー設定を有効にした場合、自動回復用データの保存間隔を分単位で指定できます (有効な間隔は 1 ～120)。\n\nこのポリシー設定を無効にするか、未構成にした場合、UI で指定された間隔が使用されます。\n","tags":["L_Save","L_PubOptions","L_MicrosoftOfficePublisher"],"application":"pub16","key":"software\\microsoft\\office\\16.0\\publisher\\preferences"},{"parentCategory":{"ref":"L_Save"},"supportedOn":{"ref":"windows:SUPPORTED_Windows7"},"enabledValue":{"string":"1"},"disabledValue":{"string":"0"},"name":"L_Allowbackgroundsaves","displayName":"バックグラウンドで保存する","explainText":"対応する UI オプションをオンまたはオフにします。","tags":["L_Save","L_PubOptions","L_MicrosoftOfficePublisher"],"application":"pub16","key":"software\\microsoft\\office\\16.0\\publisher\\preferences","valueName":"backgroundsave"},{"parentCategory":{"ref":"L_TrustCenter"},"supportedOn":{"ref":"windows:SUPPORTED_Windows7"},"enabledValue":{"decimal":{"value":1}},"disabledValue":{"decimal":{"value":0}},"name":"L_BlockMacroExecutionFromInternet","displayName":"インターネットから取得した Office ファイル内のマクロの実行をブロックします","explainText":"\n        このポリシー設定では、インターネットから取得された Office ファイル内のマクロの実行をブロックできます。\n\n        このポリシー設定を有効にした場合、トラスト センターの [マクロの設定] セクションで [すべてのマクロを有効にする] がオンになっている場合でも、マクロの実行はブロックされます。ユーザーにマクロの実行がブロックされたことを示す通知が表示されます。\n\n        マクロの実行が許可される例外は次のとおりです:\n        - Office ファイルが信頼できる場所に保存されている場合。\n        - Office ファイルを以前にユーザーが信頼した場合。\n        - マクロがデジタル署名され、一致する信頼できる発行元証明書がデバイスにインストールされている場合。\n\n        このポリシーを無効にした場合は、トラスト センターの [マクロの設定] セクションで構成された設定で、インターネットから取得された Office ファイル内のマクロが実行されるかどうかが決まります。\n\n        このポリシーを構成しない場合、マクロの実行はブロックされます。ユーザーにインターネットからのマクロのセキュリティ リスクに関する通知が表示され、詳細を確認するためのリンクが表示されます。\n\n        詳細については、https://go.microsoft.com/fwlink/p/?linkid=2185771 を参照してください。\n      ","tags":["L_TrustCenter","L_Security","L_MicrosoftOfficePublisher"],"application":"pub16","key":"software\\microsoft\\office\\16.0\\publisher\\security","valueName":"blockcontentexecutionfrominternet"},{"parentCategory":{"ref":"L_Proofing"},"supportedOn":{"ref":"windows:SUPPORTED_Windows7"},"elements":{"items":[{"item":[{"value":{"decimal":{"value":1}},"displayName":"入力時にスペル チェックを行う"},{"value":{"decimal":{"value":2}},"displayName":"スペル チェックの結果を表示しない"},{"value":{"decimal":{"value":3}},"displayName":"両方"}],"valueName":"publisherspellingoptions","inputType":"dropdownList","id":"L_CheckspellingasyoutypeDropID"}]},"name":"L_Checkspellingasyoutype","displayName":"入力時にスペル チェックを行う","explainText":"このポリシー設定では、スペル チェックの結果のオプションを構成できます。\n\nこのポリシー設定を有効にした場合、以下のオプションのいずれかを選択できます。\n-  [入力時にスペル チェックを行う]: このオプションがオンになります。\n-  [スペル チェックの結果を表示しない]: このオプションはオンになりますが、[入力時にスペル チェックを行う] オプションはオフになります。\n- [両方]: [入力時にスペル チェックを行う] および [スペル チェックの結果を表示しない] の両方がオンになります。\n\nこのポリシー設定を無効にするか、または未構成にした場合、[入力時にスペル チェックを行う] オプションがオンになります。","tags":["L_Proofing","L_PubOptions","L_MicrosoftOfficePublisher"],"application":"pub16","key":"software\\microsoft\\shared tools\\proofing tools\\1.0\\office"},{"parentCategory":{"ref":"L_Miscellaneous"},"supportedOn":{"ref":"windows:SUPPORTED_Windows7"},"enabledValue":{"string":"1"},"disabledValue":{"string":"0"},"name":"L_Promptusertosetupprinter","displayName":"プリンターの設定を求めるメッセージを表示する","explainText":"有効にすると、新しいプリンターが検出されたときに、プリンター設定ウィザードの起動について確認するメッセージが表示されます。","tags":["L_Miscellaneous","L_MicrosoftOfficePublisher"],"application":"pub16","key":"software\\microsoft\\office\\16.0\\publisher\\preferences","valueName":"showprintersetup"},{"parentCategory":{"ref":"L_ComplexScripts"},"supportedOn":{"ref":"windows:SUPPORTED_Windows7"},"elements":{"items":[{"item":[{"value":{"string":"0"},"displayName":"左から右"},{"value":{"string":"1"},"displayName":"右から左"}],"valueName":"defaultrtl","inputType":"dropdownList","caption":"Publisher での既定の方向","id":"L_defaultpublisherdirection3"}]},"name":"L_DefaultPublisherdirection","displayName":"Publisher での既定の方向","explainText":"レイアウトの既定の方向を指定します。","tags":["L_ComplexScripts","L_Advanced","L_PubOptions","L_MicrosoftOfficePublisher"],"application":"pub16","key":"software\\microsoft\\office\\16.0\\publisher\\preferences"},{"parentCategory":{"ref":"L_ComplexScripts"},"supportedOn":{"ref":"windows:SUPPORTED_Windows7"},"enabledValue":{"string":"1"},"disabledValue":{"string":"0"},"name":"L_UseSequenceChecking","displayName":"順序チェッカーの使用","explainText":"対応する UI オプションをオンまたはオフにします。","tags":["L_ComplexScripts","L_Advanced","L_PubOptions","L_MicrosoftOfficePublisher"],"application":"pub16","key":"software\\microsoft\\office\\16.0\\publisher\\preferences","valueName":"seqcheck"},{"parentCategory":{"ref":"L_ComplexScripts"},"supportedOn":{"ref":"windows:SUPPORTED_Windows7"},"enabledValue":{"string":"1"},"disabledValue":{"string":"0"},"name":"L_Usetypeandreplace","displayName":"入力中の自動修正を使用する","explainText":"対応する UI オプションをオンまたはオフにします。","tags":["L_ComplexScripts","L_Advanced","L_PubOptions","L_MicrosoftOfficePublisher"],"application":"pub16","key":"software\\microsoft\\office\\16.0\\publisher\\preferences","valueName":"typereplace"},{"parentCategory":{"ref":"L_Miscellaneous"},"supportedOn":{"ref":"windows:SUPPORTED_Windows7"},"enabledValue":{"string":"1"},"disabledValue":{"string":"0"},"name":"L_AdddoublequotesinHebrewalphabetnumbering","displayName":"ヘブライ語のアルファベット番号を二重引用符で囲む","explainText":"オンにした場合、ヘブライ語の番号に二重引用符 ('') が追加されます。オフにした場合、二重引用符 ('') は追加されません。","tags":["L_Miscellaneous","L_MicrosoftOfficePublisher"],"application":"pub16","key":"software\\microsoft\\office\\16.0\\publisher\\preferences","valueName":"dubquohebalpnum"},{"parentCategory":{"ref":"L_Miscellaneous"},"supportedOn":{"ref":"windows:SUPPORTED_Windows7"},"enabledValue":{"decimal":{"value":1}},"disabledValue":{"decimal":{"value":0}},"name":"L_DisableOfficeStartPublisher","displayName":"Publisher の Office スタート画面を無効にする","explainText":"このポリシー設定は、Publisher の起動時に Office スタート画面を表示するかどうかを制御します。\n\nこのポリシー設定を有効にした場合、Publisher の起動時に Office スタート画面は表示されません。\n\nこのポリシー設定を無効にするか、未構成にした場合、Publisher の起動時に Office スタート画面が表示されます。\n\n注意: このポリシー設定は、[Microsoft Office 2016] > [その他] > [すべての Office アプリケーションの Office スタート画面を無効にする] ポリシー設定が適用されている場合は無効になります。","tags":["L_Miscellaneous","L_MicrosoftOfficePublisher"],"application":"pub16","key":"software\\microsoft\\office\\16.0\\publisher\\preferences","valueName":"disableboottoofficestart"},{"parentCategory":{"ref":"L_Miscellaneous"},"supportedOn":{"ref":"windows:SUPPORTED_Windows7"},"elements":{"items":[{"valueName":"personaltemplates","requiredSpecified":false,"expandable":true,"expandableSpecified":true,"maxLength":2147483647,"maxLengthSpecified":false,"inputType":"textBox","caption":"個人用テンプレートのパス","id":"L_PersonalTemplatesPath"}]},"name":"L_PersonalTemplatesPath","displayName":"Publisher の個人用テンプレートのパス","explainText":"このポリシー設定は、ユーザーの個人用テンプレートの場所を指定します。\n\nこのポリシー設定を有効にした場合、Office スタート画面と [ファイル] | [新規作成] のカスタム テンプレート タブで指定された場所に保存したすべてのテンプレートが表示され、テンプレートの保存時に既定のフォルダーが指定された場所に変更されます。\n\nこのポリシー設定を無効にしたか、構成しなかった場合、Office スタート画面と [ファイル] | [新規作成] のカスタム テンプレート タブで保存したテンプレートは表示されず、テンプレートの保存時に既定のフォルダーはそのドキュメントの保存場所になります。","tags":["L_Miscellaneous","L_MicrosoftOfficePublisher"],"application":"pub16","key":"software\\microsoft\\office\\16.0\\publisher\\preferences"},{"parentCategory":{"ref":"L_Miscellaneous"},"supportedOn":{"ref":"windows:SUPPORTED_Windows7"},"elements":{"items":[{"item":[{"value":{"decimal":{"value":0}},"displayName":"お勧めのテンプレート"},{"value":{"decimal":{"value":2}},"displayName":"組み込み"},{"value":{"decimal":{"value":1}},"displayName":"ユーザー設定"}],"valueName":"officestartdefaulttab","inputType":"dropdownList","caption":"[既定] タブ","id":"L_DefaultBuiltInTab"}]},"name":"L_DefaultBuiltInTab","displayName":"Publisher の Office スタート画面と [ファイル] | [新規] に表示される既定のタブ","explainText":"このポリシー設定では、Publisher の Office スタート画面と [ファイル]、[新規作成] の順に選択した画面に表示する既定のタブを指定します。\n\nこのポリシー設定を有効にした場合、2 つのオプションのいずれかを選択して、Office スタート画面と [ファイル]、[新規作成] の順に選択した画面の既定のタブにすることができます。\n\n* [組み込み] – Publisher の Office スタート画面と [ファイル]、[新規作成] の順に選択した画面に、組み込みテンプレートが既定のタブとして表示されます。\n\n* [カスタム] – テンプレートが存在する場合は、Publisher の Office スタート画面と [ファイル]、[新規作成] の順に選択した画面に、カスタム テンプレートのタブが既定のタブとして表示されます (これには、カスタム XML によりプログラムされたテンプレート、ワークグループ テンプレート パスのテンプレート、個人用テンプレート パスのテンプレート、SharePoint テンプレートが含まれます)。\n\nこのポリシー設定を無効にするか、未構成にした場合、Publisher の Office スタート画面と [ファイル]、[新規作成] の順に選択した画面に、お勧めのテンプレート タブが既定のタブとして表示されます。","tags":["L_Miscellaneous","L_MicrosoftOfficePublisher"],"application":"pub16","key":"software\\microsoft\\office\\16.0\\publisher\\preferences"},{"parentCategory":{"ref":"L_Advanced"},"supportedOn":{"ref":"windows:SUPPORTED_Windows_10"},"enabledList":[{"value":{"string":"true"},"valueName":"Microsoft.Office.UXPlatform.FluentSVRefresh"},{"value":{"string":"true"},"valueName":"Microsoft.Office.UXPlatform.RibbonTouchOptimization"},{"value":{"string":"true"},"valueName":"Microsoft.Office.UXPlatform.FluentSVRibbonOptionsMenu"}],"disabledList":[{"value":{"string":"false"},"valueName":"Microsoft.Office.UXPlatform.FluentSVRefresh"},{"value":{"string":"false"},"valueName":"Microsoft.Office.UXPlatform.RibbonTouchOptimization"},{"value":{"string":"false"},"valueName":"Microsoft.Office.UXPlatform.FluentSVRibbonOptionsMenu"}],"name":"L_publisherVisualRefresh","displayName":"ビジュアルリフレッシュの設定","explainText":"視覚的な更新を有効または無効にします。Officeのバージョンによっては動作しない場合があります。\n\nデータはOffice Tool Plusから提供されています。","tags":["L_Advanced"],"application":"pub16","key":"Software\\Microsoft\\Office\\16.0\\Common\\ExperimentConfigs\\ExternalFeatureOverrides\\publisher"}]}